trip_id,vendor_id,date_id,pickup_location_id,dropoff_location_id,payment_type_id,ratecode_id,passenger_count,trip_distance,fare_amount,total_amount,store_and_fwd_flag,trip_duration
0,1,20190101,151,239,1,1,1,1.5,7.0,9.95,NO,6
1,1,20190101,239,246,1,1,1,2.6,14.0,16.3,NO,19
2,1,20190101,163,229,1,1,1,1.3,6.5,9.05,NO,7
3,1,20190101,229,7,1,1,1,3.7,13.5,18.5,NO,13
4,1,20190101,141,234,1,1,2,2.1,10.0,13.0,NO,12
5,1,20190101,246,162,1,1,2,2.8,15.0,19.55,NO,23
6,1,20190101,238,151,1,1,1,0.7,5.5,8.5,NO,6
7,1,20190101,163,25,1,1,1,8.7,34.5,42.95,NO,45
8,1,20190101,224,25,1,1,1,6.3,21.5,28.5,NO,24
9,1,20190101,141,234,1,1,1,2.7,13.0,15.3,NO,16
10,2,20190101,170,170,2,1,1,0.38,3.5,4.8,NO,2
11,2,20190101,170,170,1,1,1,0.55,6.5,9.75,NO,8
12,2,20190101,107,107,1,1,1,0.3,4.0,6.36,NO,3
13,2,20190101,170,141,1,1,1,1.42,6.5,9.36,NO,6
14,2,20190101,41,247,2,1,1,1.72,9.0,10.3,NO,9
15,2,20190101,116,42,2,1,1,0.06,2.5,3.8,NO,0
16,1,20190101,113,90,2,1,1,1.5,7.5,8.8,NO,12
17,1,20190101,161,170,1,1,1,1.2,10.5,14.75,NO,16
18,1,20190101,138,50,1,1,1,12.3,38.0,49.06,NO,38
19,1,20190101,144,261,2,1,1,1.3,7.5,8.8,NO,8
20,1,20190101,231,79,1,1,1,1.9,10.5,13.8,NO,13
21,1,20190101,107,181,2,1,1,4.6,19.0,20.3,NO,21
22,1,20190101,161,229,1,1,3,0.6,5.5,8.15,NO,5
23,1,20190101,263,107,1,1,2,3.0,12.0,15.95,NO,14
24,2,20190101,151,142,2,1,1,2.1,9.5,10.8,NO,11
25,2,20190101,231,238,1,1,1,6.57,24.0,30.36,NO,29
26,2,20190101,238,239,2,2,1,1.03,52.0,52.8,NO,6
27,2,20190101,132,238,1,2,2,19.13,52.0,70.27,NO,33
28,2,20190101,239,236,2,1,2,1.43,7.0,8.3,NO,6
29,1,20190101,264,229,1,1,1,4.2,15.0,19.55,NO,12
30,1,20190101,141,83,2,1,1,11.2,46.5,47.8,NO,70
31,1,20190101,151,142,2,1,4,1.5,8.0,9.3,NO,7
32,1,20190101,142,263,1,1,2,3.1,11.5,14.3,NO,12
33,1,20190101,263,140,2,1,2,0.7,4.5,5.8,NO,3
34,1,20190101,229,141,2,1,2,1.2,6.0,7.3,NO,4
35,1,20190101,249,234,1,1,2,1.3,10.0,13.55,NO,14
36,1,20190101,137,161,2,1,3,1.7,9.0,10.3,NO,10
37,2,20190101,90,181,1,1,3,5.23,24.5,29.8,NO,35
38,1,20190101,170,137,1,1,2,0.8,5.5,8.8,NO,5
39,1,20190101,162,140,1,1,2,1.1,7.5,10.55,NO,9
40,1,20190101,140,243,2,1,1,8.0,24.5,25.8,NO,21
41,2,20190101,137,75,1,1,1,4.1,14.0,15.3,NO,14
42,2,20190101,236,41,2,1,1,2.69,10.5,11.8,NO,11
43,2,20190101,41,50,1,1,1,4.36,15.5,20.16,NO,15
44,2,20190101,68,88,1,1,2,3.79,14.5,20.54,NO,18
45,2,20190101,88,90,2,1,2,3.52,13.5,14.8,NO,15
46,1,20190101,74,168,2,1,1,1.5,8.0,9.3,NO,9
47,1,20190101,249,113,1,1,1,0.7,4.5,6.95,NO,3
48,1,20190101,79,161,2,1,2,2.1,12.0,13.3,NO,16
49,1,20190101,107,79,1,1,2,1.4,8.0,11.6,NO,9
50,1,20190101,170,75,2,1,1,3.6,15.5,16.8,NO,20
51,1,20190101,75,246,1,1,1,5.2,25.5,32.15,NO,38
52,1,20190101,264,170,1,1,2,1.3,9.5,12.95,NO,12
53,1,20190101,233,141,1,1,1,1.7,7.5,10.8,NO,6
54,1,20190101,229,234,2,1,1,1.9,10.5,11.8,NO,14
55,1,20190101,148,246,2,1,1,2.6,12.0,13.3,NO,13
56,1,20190101,246,79,1,1,2,2.9,14.0,18.3,NO,20
57,2,20190101,48,68,1,1,2,2.08,12.5,17.25,NO,17
58,2,20190101,68,68,2,1,2,0.74,11.0,12.3,NO,16
59,2,20190101,107,161,1,1,1,2.26,11.0,14.76,NO,14
60,2,20190101,161,162,2,1,1,0.93,5.0,6.3,NO,3
61,2,20190101,162,151,2,1,1,4.4,15.0,16.3,NO,15
62,1,20190101,88,151,1,1,1,9.4,30.0,37.55,NO,28
63,1,20190101,143,151,1,1,1,1.9,9.5,13.5,NO,10
64,1,20190101,143,238,1,1,1,1.4,7.0,9.95,NO,6
65,1,20190101,239,239,1,1,1,0.5,5.5,8.15,NO,5
66,1,20190101,249,4,2,1,1,1.8,8.5,9.8,NO,9
67,1,20190101,4,246,2,1,1,3.8,25.0,26.3,NO,40
68,1,20190101,68,4,2,1,1,4.3,19.5,20.8,NO,27
69,1,20190101,164,262,1,1,2,3.3,14.5,18.95,NO,17
70,1,20190101,90,148,2,1,1,3.1,13.0,14.3,NO,15
71,1,20190101,148,232,1,1,1,0.6,4.0,6.36,NO,2
72,1,20190101,232,79,1,1,1,1.5,8.0,11.29,NO,8
73,1,20190101,79,141,1,1,1,3.6,14.5,18.95,NO,17
74,2,20190101,45,97,1,1,2,2.57,9.5,12.96,NO,8
75,2,20190101,144,256,2,1,2,2.44,10.5,11.8,NO,10
76,2,20190101,79,263,1,1,1,4.18,16.0,20.76,NO,20
77,1,20190101,140,233,1,1,1,1.0,5.0,7.3,NO,3
78,1,20190101,229,238,1,1,1,3.9,14.5,20.5,NO,15
79,1,20190101,238,236,1,1,1,1.6,8.5,12.7,NO,9
80,1,20190101,263,137,2,1,1,3.1,12.0,13.3,NO,14
81,1,20190101,113,264,1,1,2,0.6,6.0,8.75,NO,7
82,1,20190101,264,264,1,1,2,1.3,7.5,10.38,NO,9
83,1,20190101,141,263,2,1,2,0.5,4.0,5.3,NO,2
84,1,20190101,263,107,1,1,2,3.3,11.5,15.35,NO,12
85,1,20190101,79,263,2,1,1,4.1,17.0,18.3,NO,22
86,2,20190101,140,229,2,1,3,0.69,5.5,6.8,NO,5
87,2,20190101,229,236,1,1,3,1.92,8.5,11.76,NO,8
88,2,20190101,43,151,1,1,3,2.43,11.0,14.76,NO,11
89,2,20190101,151,238,1,1,3,0.83,6.5,8.58,NO,6
90,2,20190101,238,161,1,1,3,2.66,13.0,16.8,NO,16
91,2,20181231,132,181,1,1,1,22.59,60.0,68.3,NO,1414
92,1,20190101,186,186,2,1,1,0.2,8.0,9.3,YES,11
93,1,20190101,68,79,1,1,1,1.2,7.5,9.8,NO,9
94,1,20190101,79,143,1,1,1,5.0,22.5,28.55,NO,35
95,2,20190101,236,238,1,1,1,1.68,8.0,11.16,NO,7
96,2,20190101,238,239,2,1,1,0.65,4.5,5.8,NO,3
97,2,20190101,239,145,1,1,1,5.15,19.0,25.38,NO,22
98,1,20190101,161,170,1,1,2,0.6,13.0,39.3,NO,21
99,1,20190101,249,107,1,1,2,1.3,11.5,16.6,NO,16
100,1,20190101,107,229,1,1,2,1.7,9.5,11.8,NO,12
101,2,20190101,170,42,2,1,1,6.91,21.5,22.8,NO,23
102,2,20190101,158,238,1,1,5,5.08,18.0,24.12,NO,18
103,2,20190101,239,236,1,1,5,2.11,11.0,14.0,NO,12
104,1,20190101,50,148,1,1,2,5.3,21.5,27.35,NO,27
105,1,20190101,148,107,1,1,3,1.7,9.0,12.35,NO,10
106,1,20190101,107,262,1,1,3,3.6,15.5,20.15,NO,21
107,2,20190101,161,239,2,1,1,3.13,14.5,15.8,NO,20
108,2,20190101,239,48,2,1,1,1.07,7.5,8.8,NO,8
109,2,20190101,143,48,2,1,1,0.77,6.5,7.8,NO,8
110,2,20190101,237,263,1,1,1,2.12,10.0,13.56,NO,12
111,2,20190101,132,50,2,2,2,20.01,52.0,58.56,NO,62
112,1,20190101,238,236,2,1,2,1.4,8.0,9.3,NO,9
113,1,20190101,236,262,1,1,3,0.7,7.0,10.75,NO,8
114,1,20190101,249,162,2,1,2,2.8,13.5,14.8,NO,18
115,1,20190101,236,140,2,1,1,1.0,6.0,7.3,NO,5
116,1,20190101,140,162,2,1,4,1.9,8.0,9.3,NO,7
117,2,20190101,142,239,1,1,1,0.76,4.5,7.8,NO,3
118,2,20190101,239,68,1,1,1,3.6,13.5,16.8,NO,13
119,2,20190101,246,43,2,1,2,3.8,16.5,17.8,NO,20
120,2,20190101,132,87,1,2,5,21.42,52.0,70.27,NO,35
121,2,20190101,114,198,2,1,1,10.84,37.5,38.8,NO,43
122,1,20190101,161,41,1,1,2,3.6,12.5,16.3,NO,11
123,1,20190101,161,249,2,1,4,3.2,18.5,19.8,NO,30
124,2,20190101,236,236,1,1,2,0.78,4.5,6.96,NO,2
125,2,20190101,236,142,2,1,1,1.71,8.5,9.8,NO,9
126,2,20190101,43,151,1,1,2,2.28,9.5,12.96,NO,9
127,2,20190101,238,41,1,1,2,1.57,8.0,11.16,NO,8
128,2,20190101,113,229,2,1,1,2.8,12.0,13.3,NO,15
129,2,20190101,141,262,1,1,1,1.18,7.0,9.96,NO,7
130,1,20190101,233,233,2,1,2,0.4,4.5,5.8,NO,4
131,1,20190101,113,79,2,1,1,1.0,6.0,7.3,NO,6
132,1,20190101,79,75,1,1,4,6.0,24.0,30.35,NO,29
133,2,20190101,42,41,2,1,5,1.32,7.0,8.3,NO,6
134,2,20190101,43,224,2,1,3,3.65,15.5,16.8,NO,21
135,1,20190101,50,50,1,1,0,5.3,2.5,4.55,NO,0
136,1,20190101,50,239,1,1,1,1.4,6.5,9.35,NO,6
137,1,20190101,238,238,2,1,3,0.6,4.5,5.8,NO,3
138,1,20190101,238,98,2,1,2,14.4,42.0,49.06,NO,34
139,2,20190101,14,228,2,1,1,1.43,7.0,8.3,NO,6
140,2,20190101,11,22,2,1,1,1.0,6.0,7.3,NO,5
141,1,20190101,181,239,1,1,2,11.0,40.0,51.63,NO,53
142,2,20190101,161,229,2,1,1,1.5,10.5,11.8,NO,15
143,2,20190101,162,43,2,1,1,0.72,7.0,8.3,NO,8
144,2,20190101,43,137,1,1,1,2.6,13.0,16.44,NO,1438
145,1,20190101,236,237,1,1,1,1.5,7.0,9.95,NO,6
146,1,20190101,237,140,2,1,1,1.0,6.0,7.3,NO,5
147,1,20190101,140,237,1,1,1,0.6,5.0,7.55,NO,4
148,1,20190101,237,238,1,1,1,1.9,9.5,14.0,NO,11
149,1,20190101,238,237,1,1,1,1.9,8.0,11.15,NO,7
150,1,20190101,162,107,1,1,1,1.3,9.5,12.95,NO,12
151,1,20190101,107,79,1,1,1,0.8,6.5,9.35,NO,7
152,1,20190101,113,142,1,1,1,3.8,19.5,24.95,NO,28
153,1,20190101,161,137,1,1,1,1.3,7.0,8.3,NO,7
154,1,20190101,164,170,4,1,2,0.4,4.5,5.8,NO,3
155,1,20190101,161,161,3,1,6,0.5,4.0,5.3,NO,2
156,1,20190101,229,223,2,1,2,4.3,16.0,17.3,NO,16
157,2,20190101,211,48,2,1,6,3.58,23.0,24.3,NO,37
158,1,20190101,158,107,2,1,2,2.1,14.5,15.8,NO,22
159,2,20190101,13,231,1,1,1,1.11,7.0,8.3,NO,8
160,2,20190101,113,238,1,1,1,5.63,24.0,30.36,NO,33
161,1,20190101,79,79,1,1,1,0.8,5.0,7.56,NO,4
162,1,20190101,107,87,1,1,1,3.7,13.0,17.15,NO,9
163,1,20190101,261,142,1,1,1,5.4,20.5,27.25,NO,23
164,1,20190101,211,232,2,1,1,1.8,9.5,10.8,NO,11
165,1,20190101,79,164,1,1,1,2.1,11.5,15.35,NO,15
166,1,20190101,107,170,1,1,1,1.0,6.5,8.8,NO,6
167,1,20190101,148,79,1,1,1,0.8,5.5,8.8,NO,5
168,1,20190101,4,87,1,1,1,2.7,11.0,13.3,NO,9
169,1,20190101,148,148,1,1,1,0.7,6.0,9.1,YES,6
170,1,20190101,79,231,1,1,1,1.1,7.0,9.3,NO,7
171,1,20190101,231,158,1,1,1,1.5,7.5,9.8,NO,8
172,1,20190101,142,237,2,1,2,1.2,7.0,8.3,NO,8
173,1,20190101,237,262,1,1,2,1.9,8.0,11.15,NO,7
174,1,20190101,236,244,2,1,1,5.8,20.0,21.3,NO,18
175,2,20190101,164,255,2,1,2,5.7,19.5,26.56,NO,19
176,2,20190101,239,239,1,1,1,0.46,4.0,6.89,NO,2
177,2,20190101,239,236,2,1,1,1.72,8.0,9.3,NO,7
178,2,20190101,236,239,2,1,1,1.6,7.0,8.3,NO,5
179,2,20190101,143,239,2,1,1,0.69,5.0,6.3,NO,3
180,2,20190101,239,151,1,1,1,1.4,8.0,11.62,NO,7
181,2,20190101,238,143,1,1,1,1.18,6.5,9.75,NO,5
182,2,20190101,143,41,1,1,1,3.35,12.0,17.91,NO,13
183,2,20190101,97,35,2,1,6,4.82,19.5,20.8,NO,25
184,2,20190101,231,170,1,1,1,2.85,16.0,20.76,NO,25
185,2,20190101,132,236,2,2,1,19.16,52.0,58.56,NO,26
186,1,20190101,237,90,1,1,1,3.0,22.5,28.55,NO,37
187,1,20190101,107,263,2,1,2,3.8,15.5,16.8,NO,18
188,2,20190101,164,257,1,1,1,10.15,29.5,43.87,NO,23
189,2,20190101,234,68,1,1,2,1.05,8.5,11.76,NO,11
190,2,20190101,68,236,1,1,2,4.04,18.0,23.16,NO,24
191,1,20190101,144,170,1,1,2,2.1,12.0,15.95,NO,17
192,1,20190101,125,246,1,1,1,3.0,12.5,17.9,NO,14
193,1,20190101,246,234,3,1,1,1.2,8.0,9.3,NO,10
194,2,20190101,43,246,1,1,1,3.11,19.0,24.36,NO,30
195,1,20190101,263,141,1,1,2,0.5,3.5,5.76,NO,1
196,1,20190101,236,236,1,1,2,0.5,4.0,6.85,NO,1
197,1,20190101,236,75,1,1,2,0.5,4.0,6.85,NO,3
198,1,20190101,75,151,2,1,2,1.5,7.5,8.8,NO,7
199,1,20190101,238,162,2,1,1,3.8,16.0,17.3,NO,20
200,1,20190101,164,79,2,1,3,2.3,13.5,14.8,NO,20
201,2,20190101,239,48,1,1,1,1.14,6.5,8.8,NO,5
202,2,20190101,239,170,1,1,2,3.33,14.5,19.75,NO,18
203,2,20190101,161,237,2,1,1,0.87,5.0,6.3,NO,4
204,2,20190101,148,234,1,1,5,4.0,22.5,27.37,NO,32
205,2,20190101,79,186,2,1,5,1.74,10.5,11.8,NO,14
206,1,20190101,236,234,1,1,1,3.6,18.0,24.1,NO,25
207,1,20190101,132,140,1,2,0,18.0,52.0,59.8,NO,30
208,1,20190101,229,37,1,1,0,8.9,29.5,38.5,NO,31
209,1,20190101,142,238,1,1,1,1.8,8.5,11.75,NO,8
210,1,20190101,238,237,2,1,2,1.3,6.5,7.8,NO,5
211,1,20190101,237,170,1,1,1,2.1,8.5,11.75,NO,8
212,1,20190101,170,164,1,1,4,0.9,6.5,9.35,NO,7
213,2,20190101,141,186,2,1,1,2.58,15.0,16.3,NO,23
214,2,20190101,186,164,2,1,1,0.81,5.5,6.8,NO,5
215,2,20190101,234,137,1,1,1,1.47,11.5,12.8,NO,16
216,1,20190101,113,246,2,1,1,1.4,11.5,12.8,NO,16
217,1,20190101,246,68,1,1,1,0.7,4.5,6.95,NO,3
218,1,20190101,68,48,1,1,1,0.9,8.5,11.8,NO,11
219,2,20190101,132,82,2,1,1,11.98,34.5,35.8,NO,25
220,2,20190101,145,146,2,1,1,1.1,6.5,7.8,NO,7
221,2,20190101,48,50,2,1,1,0.66,5.5,6.8,NO,5
222,2,20190101,68,234,2,1,1,0.94,6.5,7.8,NO,7
223,2,20190101,113,263,1,1,1,4.3,18.0,22.3,NO,25
224,1,20190101,163,74,1,1,1,4.4,15.5,17.8,NO,18
225,1,20190101,74,50,1,1,1,5.0,17.5,23.5,NO,17
226,1,20190101,239,142,2,1,1,0.7,5.5,6.8,YES,5
227,1,20190101,162,263,1,1,1,1.8,7.0,9.95,NO,4
228,1,20190101,263,141,1,1,2,0.5,3.5,5.75,NO,1
229,1,20190101,107,181,1,1,2,5.9,24.0,30.35,NO,30
230,1,20190101,236,233,1,1,1,2.0,8.0,11.15,NO,6
231,1,20190101,229,237,1,1,1,1.4,7.5,10.0,NO,7
232,1,20190101,262,142,1,1,1,2.4,11.0,14.75,NO,11
233,1,20190101,239,234,1,1,1,3.8,16.0,21.0,NO,20
234,1,20190101,162,107,1,1,1,2.4,11.5,15.35,NO,14
235,1,20190101,137,186,1,1,1,1.0,7.0,8.3,NO,9
236,1,20190101,162,186,2,1,1,1.8,11.0,12.3,NO,15
237,2,20190101,163,79,1,1,1,3.48,17.0,19.3,NO,26
238,2,20190101,79,125,1,1,1,1.5,9.0,12.36,NO,11
239,2,20190101,68,138,2,1,1,9.33,28.5,35.56,NO,24
240,1,20190101,211,261,2,1,2,2.0,9.5,10.8,NO,9
241,1,20190101,144,161,1,1,1,4.5,22.0,27.95,NO,29
242,1,20190101,141,141,1,1,1,0.8,5.0,7.55,NO,4
243,1,20190101,141,170,2,1,2,3.3,17.5,18.8,NO,25
244,1,20190101,142,142,1,1,1,0.7,4.5,7.2,NO,2
245,1,20190101,43,161,2,1,1,0.4,5.0,6.3,NO,4
246,1,20190101,161,263,1,1,1,1.8,8.5,11.75,NO,8
247,1,20190101,263,229,1,1,1,1.6,7.0,12.3,NO,7
248,1,20190101,237,236,1,1,1,2.4,10.5,14.15,NO,12
249,1,20190101,141,229,2,1,1,0.9,5.0,6.3,NO,3
250,1,20190101,137,107,1,1,1,0.4,4.0,6.35,NO,2
251,1,20190101,107,79,1,1,3,0.3,3.5,5.76,NO,1
252,1,20190101,79,164,1,1,1,1.8,12.0,15.95,NO,17
253,2,20190101,132,92,1,1,1,11.02,31.0,38.76,NO,19
254,2,20190101,170,162,1,1,1,0.67,4.5,7.25,NO,3
255,2,20190101,162,161,1,1,2,0.85,7.5,10.56,NO,10
256,2,20190101,161,164,2,1,1,1.01,12.5,13.8,NO,20
257,2,20190101,164,170,1,1,1,0.64,5.5,7.82,NO,6
258,2,20190101,132,226,2,1,1,15.31,41.5,42.8,NO,24
259,2,20190101,226,142,1,1,1,4.44,16.0,22.49,NO,17
260,1,20190101,48,229,2,1,2,2.1,13.0,14.3,NO,17
261,1,20190101,229,262,1,1,2,2.1,8.5,13.8,NO,7
262,1,20190101,262,145,2,1,2,4.5,16.0,17.3,NO,21
263,2,20190101,249,125,2,1,2,1.03,7.5,8.8,NO,9
264,2,20190101,142,90,1,1,1,3.42,23.0,29.16,NO,38
265,2,20190101,24,140,1,1,1,3.25,11.5,15.36,NO,10
266,2,20190101,263,48,1,1,1,3.33,15.0,19.56,NO,19
267,2,20190101,50,24,1,1,1,3.82,15.0,19.56,NO,17
268,2,20190101,234,263,2,1,2,3.34,13.0,14.3,NO,14
269,2,20190101,237,233,1,1,1,1.6,8.0,11.16,NO,8
270,1,20190101,249,114,2,1,1,1.0,7.0,8.3,NO,8
271,1,20190101,114,90,2,1,1,1.3,19.0,20.3,NO,33
272,1,20190101,186,229,1,1,1,2.2,13.0,18.55,NO,18
273,1,20190101,79,233,1,1,1,2.1,11.0,15.95,NO,15
274,1,20190101,233,137,2,1,2,0.9,5.5,6.8,NO,5
275,1,20190101,137,243,2,1,1,9.1,27.5,28.8,NO,23
276,1,20190101,158,14,1,1,2,9.8,29.5,37.61,NO,25
277,1,20190101,107,170,2,1,0,1.0,8.0,9.3,NO,10
278,2,20190101,43,75,1,1,2,1.13,5.5,20.0,NO,4
279,2,20190101,236,74,1,1,2,2.01,10.0,12.88,NO,11
280,2,20190101,74,234,1,1,2,5.98,20.5,26.16,NO,19
281,1,20190101,107,143,1,1,2,3.5,18.0,23.15,NO,25
282,2,20190101,229,164,2,1,2,1.9,9.0,10.3,NO,9
283,2,20190101,234,41,1,1,3,5.41,21.5,25.8,NO,28
284,1,20190101,144,236,1,1,1,5.3,21.5,27.35,NO,29
285,1,20190101,236,140,1,1,1,2.0,9.5,12.96,NO,10
286,1,20190101,237,236,1,1,1,1.1,6.5,10.1,NO,6
287,1,20190101,161,170,1,1,1,1.1,9.0,12.35,NO,12
288,1,20190101,234,161,2,1,1,1.4,8.5,9.8,NO,10
289,2,20190101,238,41,2,1,1,1.41,6.5,7.8,NO,4
290,2,20190101,166,238,1,1,1,1.58,7.5,10.56,NO,6
291,2,20190101,238,41,1,1,1,1.69,7.5,10.56,NO,7
292,2,20190101,151,243,2,1,1,4.73,16.0,17.3,NO,14
293,2,20190101,142,90,2,1,1,3.13,15.0,16.3,NO,21
294,2,20190101,90,79,2,1,1,2.07,12.0,13.3,NO,16
295,1,20190101,90,107,1,1,1,1.1,8.5,11.75,NO,12
296,1,20190101,170,186,1,1,2,0.9,9.0,12.35,NO,13
297,1,20190101,186,158,2,1,1,1.9,11.5,12.8,NO,15
298,2,20190101,138,138,2,1,1,31.57,82.5,83.8,NO,48
299,1,20190101,142,237,1,1,1,1.4,7.0,9.8,NO,6
300,1,20190101,142,233,1,1,2,2.6,11.0,15.35,NO,13
301,1,20190101,233,141,1,1,1,1.4,7.5,10.55,NO,8
302,1,20190101,141,162,2,1,3,1.4,7.5,8.8,NO,7
303,1,20190101,80,112,2,1,1,0.6,5.0,6.3,NO,4
304,1,20190101,189,33,2,1,1,6.5,24.0,25.3,YES,27
305,1,20190101,33,95,1,1,3,11.7,39.5,45.8,YES,41
306,1,20190101,74,151,2,1,1,2.5,11.0,12.3,NO,12
307,1,20190101,238,152,2,1,1,2.4,10.5,11.8,NO,11
308,2,20190101,237,229,2,1,4,0.79,5.5,6.8,NO,5
309,2,20190101,163,239,2,1,5,2.49,10.0,11.3,NO,10
310,2,20181231,141,229,2,1,1,1.06,6.0,7.3,NO,5
311,2,20190101,234,48,2,1,2,1.95,13.0,14.3,NO,19
312,1,20190101,161,170,2,1,1,1.0,7.5,8.8,NO,10
313,1,20190101,170,236,1,1,1,3.0,11.5,13.82,NO,13
314,1,20190101,237,112,1,1,1,4.6,16.0,20.75,NO,16
315,2,20190101,100,141,1,1,1,2.0,11.5,16.64,NO,17
316,2,20190101,229,236,2,1,1,1.85,8.0,9.3,NO,7
317,2,20190101,236,164,1,1,1,2.37,12.0,15.96,NO,17
318,1,20190101,263,48,2,1,1,3.5,21.5,22.8,NO,32
319,1,20190101,48,88,1,1,1,5.4,21.5,24.8,NO,27
320,1,20190101,181,225,1,1,1,4.2,16.0,19.3,NO,18
321,2,20190101,262,224,2,1,1,3.23,11.0,12.3,NO,6
322,2,20190101,162,141,1,1,1,1.4,7.0,9.96,NO,6
323,2,20190101,263,236,2,1,1,0.88,6.0,7.3,NO,5
324,1,20190101,163,237,2,1,1,1.5,6.5,7.8,NO,6
325,1,20190101,237,113,2,1,2,3.6,15.5,16.8,NO,21
326,1,20190101,113,33,1,1,2,3.6,14.0,19.1,NO,17
327,2,20190101,236,229,2,1,1,1.96,8.5,9.8,NO,9
328,2,20190101,262,148,1,1,5,5.1,18.5,24.75,NO,16
329,2,20190101,148,4,1,1,5,0.72,5.0,7.56,NO,4
330,2,20190101,79,186,1,1,5,1.93,10.5,15.34,NO,14
331,2,20190101,90,249,1,1,5,0.85,6.5,9.75,NO,8
332,1,20190101,114,95,1,1,2,11.2,37.5,57.91,NO,40
333,1,20190101,264,264,2,1,3,2.9,12.5,13.8,NO,16
334,1,20190101,264,264,2,1,2,1.3,9.5,10.8,NO,13
335,1,20190101,264,264,2,1,2,7.0,27.5,28.8,NO,34
336,2,20190101,132,226,1,1,3,14.87,40.0,49.56,NO,22
337,2,20190101,161,233,2,1,1,0.79,5.5,6.8,NO,6
338,2,20190101,43,238,2,1,1,1.7,7.5,8.8,NO,7
339,2,20190101,238,68,1,1,1,3.78,20.0,24.5,NO,29
340,2,20190101,236,141,2,1,1,1.25,6.5,7.8,NO,7
341,2,20190101,236,229,1,1,1,1.93,7.5,10.56,NO,8
342,2,20190101,229,162,2,1,1,1.13,7.0,8.3,NO,7
343,1,20190101,246,107,2,1,1,2.3,14.5,15.8,NO,21
344,1,20190101,79,232,2,1,1,1.5,9.0,10.3,NO,11
345,2,20190101,142,164,2,1,1,3.19,22.0,23.3,NO,37
346,2,20190101,233,238,2,1,1,3.93,15.0,16.3,NO,17
347,2,20190101,238,239,1,1,1,1.04,5.5,9.43,NO,5
348,2,20190101,239,162,2,1,1,2.65,12.5,13.8,NO,16
349,1,20190101,113,181,2,1,4,5.4,22.0,23.3,NO,27
350,1,20190101,181,257,3,1,4,0.8,5.0,6.3,NO,5
351,2,20190101,236,114,1,1,2,4.85,20.0,27.69,NO,27
352,2,20190101,114,79,2,1,3,0.13,2.5,3.8,NO,1
353,2,20190101,79,79,1,1,2,0.49,4.0,6.89,NO,2
354,2,20190101,79,107,2,1,2,0.32,3.5,4.8,NO,2
355,2,20190101,107,186,1,1,2,1.68,8.0,11.16,NO,9
356,2,20190101,132,216,2,1,1,5.01,17.0,18.3,NO,13
357,2,20190101,132,218,2,1,1,3.67,12.5,13.8,NO,9
358,2,20190101,249,90,2,1,1,1.14,16.0,17.3,NO,25
359,2,20190101,90,249,2,1,1,0.7,6.5,7.8,NO,8
360,2,20190101,132,129,2,1,3,12.18,35.5,36.8,NO,24
361,2,20190101,107,107,1,1,1,0.5,4.0,6.36,NO,2
362,2,20190101,141,263,2,1,1,0.99,5.0,6.3,NO,3
363,2,20190101,262,75,2,1,1,0.85,5.0,6.3,NO,3
364,1,20190101,238,24,1,1,1,0.9,5.5,8.8,NO,4
365,1,20190101,24,238,1,1,1,1.3,7.0,9.55,NO,6
366,1,20190101,239,238,1,1,1,1.4,8.0,11.15,NO,9
367,1,20190101,238,247,1,1,1,7.6,23.0,29.15,NO,18
368,1,20190101,126,213,3,1,1,1.8,7.0,8.3,NO,4
369,1,20190101,263,223,2,1,2,5.7,19.0,20.3,NO,18
370,1,20190101,107,170,1,1,1,0.9,6.0,8.3,NO,6
371,1,20190101,229,112,1,1,1,4.3,15.5,20.15,NO,16
372,1,20190101,159,18,2,1,1,7.5,27.5,28.8,NO,32
373,1,20190101,141,50,2,1,1,2.8,14.0,15.3,NO,19
374,1,20190101,50,239,1,1,1,1.7,7.5,10.5,NO,6
375,1,20190101,41,42,2,1,1,2.4,11.0,12.3,NO,10
376,1,20190101,244,152,1,1,1,1.5,8.0,11.15,NO,7
377,1,20190101,166,151,2,1,1,1.2,6.5,7.8,NO,5
378,1,20190101,238,263,1,1,2,1.7,8.5,12.25,NO,9
379,1,20190101,263,164,1,1,2,3.5,14.5,18.95,NO,17
380,2,20190101,164,41,1,1,6,4.9,22.5,28.56,NO,32
381,1,20190101,140,237,2,1,1,1.1,9.0,10.3,NO,12
382,1,20190101,142,163,2,1,3,1.3,8.0,9.3,NO,10
383,1,20190101,142,238,1,1,2,1.8,9.5,12.95,NO,10
384,1,20190101,148,114,1,1,2,1.1,7.5,10.55,NO,9
385,2,20190101,239,239,2,1,1,0.36,4.0,5.3,NO,3
386,2,20190101,238,151,1,1,1,0.76,5.5,8.16,NO,5
387,2,20190101,239,68,2,1,1,2.89,14.5,15.8,NO,19
388,2,20190101,140,229,2,1,1,1.04,6.5,7.8,NO,6
389,2,20190101,161,43,1,1,1,1.5,8.5,11.76,NO,10
390,1,20190101,243,243,2,1,1,1.9,7.5,8.8,NO,5
391,1,20190101,48,263,1,1,2,3.7,16.0,20.75,NO,21
392,2,20190101,137,262,1,1,1,3.01,10.0,13.56,NO,7
393,2,20190101,140,141,1,1,1,0.46,3.5,6.0,NO,1
394,2,20190101,170,262,1,1,1,3.47,15.5,19.82,NO,20
395,1,20190101,161,170,2,1,3,0.6,12.0,13.3,NO,19
396,1,20190101,164,158,1,1,1,1.7,9.0,12.35,NO,11
397,2,20190101,13,48,2,1,1,3.89,16.0,17.3,NO,18
398,2,20190101,48,239,1,1,1,2.78,12.0,15.0,NO,12
399,2,20190101,239,151,1,1,1,1.48,7.5,10.56,NO,7
400,2,20190101,164,263,1,1,2,3.57,12.5,14.8,NO,11
401,2,20190101,141,233,1,1,1,1.31,6.5,9.36,NO,5
402,2,20190101,170,233,1,1,4,0.74,5.0,7.3,NO,4
403,1,20190101,238,52,1,1,1,10.8,33.5,43.45,NO,32
404,1,20190101,163,79,1,1,1,3.6,15.5,18.8,NO,20
405,1,20190101,79,137,1,1,1,1.1,6.5,9.35,NO,6
406,1,20190101,170,233,1,1,1,0.8,5.5,8.8,NO,5
407,1,20190101,107,79,1,1,1,0.9,5.5,8.8,NO,5
408,1,20190101,74,74,2,1,1,0.8,6.0,7.3,NO,7
409,1,20190101,236,238,1,1,1,1.2,7.0,9.95,NO,5
410,1,20190101,142,239,1,1,2,0.8,5.0,7.56,NO,3
411,1,20190101,239,239,2,1,1,0.3,4.0,5.3,YES,2
412,1,20190101,239,142,1,1,2,0.7,6.5,9.75,NO,6
413,1,20190101,142,229,1,1,1,2.2,10.5,14.15,NO,13
414,2,20190101,170,68,1,1,1,1.4,10.5,14.16,NO,15
415,2,20190101,234,80,1,1,1,4.97,19.5,24.96,NO,22
416,1,20190101,125,263,1,1,1,5.6,20.5,24.8,NO,24
417,1,20190101,263,263,1,1,3,0.4,3.5,6.8,NO,1
418,1,20190101,141,236,1,1,1,1.1,5.5,8.8,NO,4
419,1,20190101,236,237,1,1,4,1.4,7.5,10.56,NO,8
420,1,20190101,163,100,1,1,2,1.0,13.0,17.3,NO,21
421,1,20190101,132,229,1,2,1,17.9,52.0,66.56,NO,28
422,1,20190101,143,239,1,1,1,0.4,4.0,6.35,NO,2
423,1,20190101,239,151,1,1,1,1.7,8.5,11.76,NO,9
424,1,20190101,151,238,2,1,1,0.5,4.0,5.3,NO,2
425,1,20190101,239,141,1,1,1,2.3,11.5,15.35,NO,13
426,1,20190101,161,170,2,1,1,1.0,7.5,8.8,NO,9
427,1,20190101,170,79,1,1,1,1.9,11.0,22.3,NO,15
428,2,20190101,211,164,1,1,1,1.97,9.0,12.36,NO,10
429,2,20190101,113,263,1,1,1,4.34,15.5,20.16,NO,18
430,2,20190101,50,246,1,1,1,1.73,9.0,10.3,NO,11
431,2,20190101,246,144,1,1,1,2.9,13.5,17.76,NO,18
432,2,20190101,137,229,1,1,1,1.93,8.5,11.76,NO,9
433,2,20190101,137,141,1,1,1,3.4,14.0,17.6,NO,17
434,2,20190101,141,263,1,1,1,0.89,4.5,6.38,NO,2
435,2,20190101,236,43,1,1,1,0.75,4.5,7.25,NO,3
436,1,20190101,170,161,1,1,1,0.8,8.0,11.15,NO,11
437,1,20190101,161,161,1,1,1,0.4,10.0,14.65,NO,15
438,1,20190101,170,129,1,1,2,6.9,23.0,35.06,NO,19
439,1,20190101,50,13,1,1,2,4.9,18.5,24.75,NO,21
440,1,20190101,48,36,2,1,1,9.0,37.0,38.3,NO,53
441,1,20190101,229,224,2,1,1,2.0,9.5,10.8,NO,10
442,1,20190101,224,68,1,1,1,1.7,13.0,18.55,NO,20
443,2,20190101,79,261,2,1,1,5.36,18.5,19.8,NO,17
444,2,20190101,261,202,1,1,1,9.43,29.5,36.96,NO,29
445,1,20190101,249,249,1,1,2,0.4,4.0,6.35,NO,3
446,1,20190101,90,68,2,1,1,0.4,7.0,8.3,NO,9
447,1,20190101,68,68,1,1,1,0.9,6.0,9.1,NO,6
448,1,20190101,186,48,1,1,2,2.1,13.0,17.15,NO,19
449,2,20190101,232,162,1,1,6,3.15,12.5,16.56,NO,15
450,2,20190101,161,74,2,1,6,4.01,16.0,17.3,NO,19
451,2,20190101,262,16,1,1,6,16.71,47.0,48.3,NO,35
452,1,20190101,263,74,1,1,1,1.6,6.5,8.8,NO,4
453,1,20190101,75,188,3,1,3,15.1,42.5,49.56,NO,34
454,2,20190101,43,48,2,1,3,1.88,12.5,13.8,NO,16
455,2,20190101,48,33,1,1,2,5.83,24.5,29.67,NO,34
456,1,20190101,148,107,1,1,2,1.3,8.5,12.25,NO,11
457,1,20190101,107,234,2,1,4,0.5,5.0,6.3,NO,5
458,1,20190101,234,4,1,1,4,1.8,10.5,14.15,NO,14
459,2,20190101,161,209,2,1,4,5.17,18.5,19.8,NO,18
460,2,20190101,209,233,2,1,4,5.99,18.5,19.8,NO,14
461,2,20190101,234,88,1,1,1,3.14,14.5,17.8,NO,19
462,1,20190101,113,186,1,1,1,1.7,10.5,14.3,NO,14
463,1,20190101,186,113,3,1,1,1.7,9.0,10.3,NO,11
464,2,20190101,239,236,2,1,5,1.41,7.5,8.8,NO,7
465,2,20190101,236,74,1,1,5,1.23,5.5,8.5,NO,2
466,2,20190101,263,239,1,1,5,1.84,9.0,11.3,NO,9
467,2,20190101,239,25,1,1,5,9.91,31.0,40.38,NO,28
468,2,20190101,90,90,1,1,1,1.87,10.0,21.3,NO,13
469,2,20190101,75,75,1,1,1,0.64,4.5,7.54,NO,3
470,2,20190101,236,237,2,1,1,0.59,4.5,5.8,NO,3
471,2,20190101,141,166,1,1,1,3.93,13.5,18.23,NO,13
472,1,20190101,161,141,1,1,1,1.3,7.5,10.55,NO,8
473,1,20190101,141,162,2,1,1,0.5,3.5,4.8,NO,1
474,1,20190101,229,170,1,1,2,1.1,5.5,7.8,NO,5
475,2,20181231,48,265,2,1,2,19.3,61.0,68.06,NO,57
476,1,20190101,163,140,2,1,3,1.8,11.0,12.3,NO,14
477,1,20190101,141,141,1,1,2,0.4,3.5,5.75,NO,1
478,1,20190101,263,48,1,1,2,2.6,12.5,16.56,NO,16
479,2,20190101,148,107,1,1,1,1.58,8.5,11.76,NO,10
480,2,20190101,107,68,1,1,1,1.15,11.0,14.76,NO,16
481,2,20190101,148,82,2,1,1,7.15,24.0,25.3,NO,20
482,2,20190101,249,236,2,1,1,6.05,24.0,25.3,NO,33
483,2,20181231,170,170,2,1,1,0.64,5.0,6.3,NO,5
484,2,20190101,74,151,2,1,1,2.87,11.5,12.8,NO,12
485,2,20190101,151,239,1,1,1,1.76,8.5,12.74,NO,9
486,2,20190101,162,43,1,1,1,2.68,10.0,14.12,NO,9
487,2,20190101,162,263,1,1,1,1.97,8.5,11.76,NO,8
488,2,20181231,239,158,1,1,1,6.1,25.0,31.56,NO,33
489,2,20190101,158,87,1,1,1,3.92,14.0,17.3,NO,14
490,2,20190101,87,263,1,1,1,7.25,22.5,28.56,NO,18
491,2,20190101,249,75,1,1,1,7.49,26.0,32.76,NO,28
492,2,20190101,237,33,1,1,1,8.43,25.0,32.0,NO,19
493,1,20190101,138,224,1,1,2,8.9,26.0,41.31,NO,19
494,2,20190101,238,237,1,1,4,2.62,11.5,15.36,NO,12
495,2,20190101,236,236,1,1,5,0.35,4.5,6.96,NO,3
496,2,20190101,142,7,1,1,6,4.58,17.0,21.04,NO,19
497,2,20190101,151,239,2,1,1,1.2,6.5,7.8,NO,6
498,2,20190101,239,50,2,1,1,1.55,8.5,9.8,NO,8
499,2,20190101,50,112,2,1,1,4.75,19.0,20.3,NO,21
500,1,20190101,43,161,2,1,3,0.4,5.0,6.3,NO,5
501,1,20190101,43,113,1,1,3,2.4,16.5,21.35,NO,25
502,1,20190101,236,158,1,1,2,5.9,20.0,27.65,NO,20
503,1,20190101,249,48,1,1,3,2.7,17.5,22.55,NO,27
504,1,20190101,48,249,1,1,3,3.2,14.5,18.95,NO,18
505,1,20190101,45,4,1,1,1,2.4,11.5,15.35,NO,13
506,1,20190101,90,79,1,1,1,1.7,9.0,13.35,NO,11
507,1,20190101,264,264,2,1,1,0.7,8.0,8.8,NO,11
508,1,20190101,264,264,2,1,4,12.0,40.5,41.3,NO,45
509,1,20190101,141,42,1,1,2,4.5,15.0,19.55,NO,13
510,1,20190101,42,151,2,1,3,2.5,11.0,12.3,NO,12
511,1,20190101,151,142,1,1,2,2.6,12.0,15.95,NO,13
512,1,20190101,231,162,1,1,1,4.9,15.5,17.91,NO,11
513,1,20190101,162,186,2,1,1,2.1,12.5,13.8,NO,18
514,1,20190101,186,114,1,1,1,1.3,8.0,11.15,NO,10
515,1,20190101,229,170,1,1,2,1.5,9.0,12.35,NO,11
516,1,20190101,229,141,1,1,2,1.1,5.5,8.8,NO,4
517,1,20190101,141,263,2,1,1,0.9,4.5,5.8,NO,2
518,1,20190101,263,263,1,1,2,0.5,4.0,6.35,NO,2
519,1,20190101,234,68,1,1,1,0.8,8.0,11.15,NO,10
520,1,20190101,68,249,1,1,1,0.9,6.5,7.8,NO,7
521,1,20190101,114,68,1,1,1,1.4,10.0,13.55,NO,13
522,1,20190101,237,229,1,1,2,1.3,7.0,10.75,NO,7
523,1,20190101,236,140,2,1,2,0.7,5.0,6.3,NO,4
524,1,20190101,141,141,2,1,1,0.4,4.5,5.8,NO,3
525,1,20190101,236,237,1,1,1,1.1,5.5,7.8,NO,4
526,1,20190101,237,238,1,1,2,1.6,7.0,9.95,NO,5
527,1,20190101,239,48,2,1,1,1.6,7.0,8.3,NO,6
528,1,20190101,48,106,1,1,2,8.1,31.0,45.66,NO,38
529,1,20190101,33,40,1,1,1,1.9,8.0,10.7,NO,8
530,1,20190101,25,189,1,1,1,1.4,9.5,12.8,NO,12
531,2,20190101,229,237,1,1,1,0.65,5.5,8.5,NO,4
532,2,20190101,162,48,1,1,1,2.1,13.0,17.16,NO,19
533,2,20190101,48,68,1,1,1,1.5,9.5,12.96,NO,12
534,1,20190101,238,237,1,1,1,2.0,8.0,11.6,NO,7
535,1,20190101,237,263,2,1,1,1.5,8.5,9.8,NO,8
536,1,20190101,236,170,2,1,1,2.6,11.0,12.3,NO,11
537,2,20190101,107,163,2,1,2,2.75,11.5,12.8,NO,12
538,2,20190101,48,142,1,1,2,0.9,5.0,7.56,NO,3
539,2,20190101,48,246,1,1,2,1.42,12.0,13.3,NO,17
540,2,20190101,234,224,1,1,1,1.48,9.5,12.96,NO,12
541,2,20190101,170,48,2,1,1,1.59,10.5,11.8,NO,15
542,1,20190101,249,13,2,1,1,2.4,11.0,12.3,NO,12
543,1,20190101,231,125,2,1,1,0.9,5.5,6.8,NO,5
544,1,20190101,231,237,1,1,1,6.2,25.5,33.5,NO,35
545,2,20190101,260,74,2,1,1,6.2,19.0,26.06,NO,13
546,2,20190101,75,229,1,1,2,2.84,10.0,13.56,NO,9
547,2,20190101,79,13,1,1,1,5.27,19.0,20.3,NO,19
548,1,20190101,162,246,1,1,4,2.3,13.0,16.3,NO,18
549,1,20190101,246,237,2,1,1,2.5,12.5,13.8,NO,16
550,1,20190101,141,137,1,1,3,6.9,26.0,27.3,NO,34
551,1,20190101,161,100,2,1,2,1.8,13.5,14.8,NO,21
552,2,20190101,114,68,2,1,1,1.98,18.0,19.3,NO,29
553,2,20190101,43,151,2,1,1,2.9,12.0,13.3,NO,13
554,2,20190101,151,166,1,1,1,1.29,7.0,8.3,NO,6
555,2,20190101,166,244,1,1,1,3.7,12.5,17.25,NO,11
556,2,20190101,68,79,1,1,2,1.89,11.0,14.76,NO,15
557,2,20190101,234,113,1,1,5,0.76,6.0,8.76,NO,6
558,1,20190101,138,239,1,1,4,9.6,29.0,43.26,NO,26
559,1,20190101,239,151,1,1,3,1.9,9.0,13.3,NO,10
560,1,20190101,142,142,2,1,1,0.5,4.5,5.8,NO,4
561,1,20190101,162,140,2,1,1,1.5,7.0,8.3,NO,6
562,1,20190101,140,75,1,1,1,1.9,7.5,10.8,NO,6
563,1,20190101,161,33,2,1,2,6.9,23.0,24.3,NO,22
564,1,20190101,33,246,1,1,1,4.6,17.5,28.8,NO,20
565,2,20190101,138,87,2,1,1,12.89,36.0,37.3,NO,24
566,2,20190101,87,113,2,1,1,2.35,11.0,12.3,NO,13
567,1,20190101,223,250,2,1,1,8.3,24.5,31.56,NO,17
568,1,20190101,142,90,2,1,1,2.8,16.0,17.3,NO,23
569,1,20190101,90,50,1,1,1,2.0,12.0,15.95,NO,17
570,1,20190101,142,141,1,1,2,1.4,8.5,12.7,NO,11
571,2,20190101,249,114,1,1,2,1.29,8.0,11.16,NO,10
572,2,20190101,114,87,1,1,1,2.07,8.5,12.74,NO,9
573,2,20190101,87,181,2,1,1,4.32,18.0,19.3,NO,22
574,1,20190101,170,140,2,1,4,1.4,8.5,9.8,NO,11
575,2,20190101,163,166,1,1,1,5.17,17.5,22.56,NO,16
576,2,20190101,151,116,2,1,1,2.72,12.5,13.8,NO,14
577,2,20190101,234,225,1,1,1,7.59,30.5,31.8,NO,41
578,2,20190101,142,244,1,1,3,7.87,25.0,31.56,NO,26
579,2,20190101,244,243,1,1,3,1.53,9.5,14.91,NO,12
580,1,20190101,114,140,1,1,2,3.4,16.0,20.75,NO,23
581,2,20190101,164,90,1,1,1,0.94,7.0,9.96,NO,9
582,2,20190101,161,163,2,1,1,1.38,18.0,19.3,NO,30
583,1,20190101,237,224,1,1,2,3.1,12.5,16.55,NO,15
584,1,20190101,107,88,1,1,1,4.1,14.0,19.85,NO,10
585,1,20190101,261,229,1,1,2,5.3,17.5,22.55,NO,15
586,1,20190101,236,74,2,1,1,1.1,5.5,6.8,NO,3
587,1,20190101,75,151,2,1,1,2.1,8.0,9.3,NO,6
588,1,20190101,239,238,1,1,3,0.8,5.0,7.55,NO,3
589,1,20190101,238,239,2,1,2,0.8,5.5,6.8,NO,4
590,1,20190101,142,263,1,1,3,2.5,11.0,14.3,NO,12
591,1,20190101,137,113,1,1,1,1.1,5.5,6.82,NO,4
592,1,20190101,79,234,1,1,1,1.6,11.5,13.8,NO,16
593,1,20190101,107,140,1,1,1,2.2,9.5,12.95,NO,11
594,2,20190101,148,148,2,1,2,0.1,2.5,3.8,NO,0
595,2,20190101,107,170,1,1,2,0.63,5.0,7.56,NO,4
596,2,20190101,142,239,1,1,2,1.31,7.0,10.38,NO,6
597,2,20190101,142,164,2,1,2,1.78,15.5,16.8,NO,24
598,1,20190101,137,231,2,1,1,2.6,10.5,11.8,NO,10
599,1,20190101,231,137,1,1,1,3.9,13.5,19.2,NO,10
600,1,20190101,234,61,1,1,1,5.5,21.0,26.75,NO,25
601,2,20190101,211,107,2,1,1,1.84,9.5,10.8,NO,12
602,2,20190101,161,43,1,1,2,1.22,9.0,12.36,NO,11
603,2,20190101,43,92,2,1,2,12.99,37.0,38.3,NO,27
604,2,20190101,141,236,1,1,2,0.72,4.5,8.0,NO,3
605,2,20190101,236,263,2,1,2,0.68,5.0,6.3,NO,4
606,2,20190101,162,163,1,1,2,0.71,6.5,9.36,NO,7
607,2,20190101,163,163,1,1,2,0.36,4.0,6.1,NO,3
608,2,20190101,163,75,1,1,2,2.32,9.0,12.36,NO,8
609,1,20190101,113,249,1,1,1,0.9,5.0,8.15,NO,4
610,1,20190101,50,143,1,1,1,1.4,7.5,10.55,NO,6
611,1,20190101,263,262,1,1,1,0.8,5.0,8.15,NO,4
612,1,20190101,116,146,2,1,1,9.1,29.5,30.8,NO,29
613,2,20190101,141,229,2,1,2,0.91,7.5,8.8,NO,8
614,1,20190101,107,79,1,1,1,1.3,8.5,12.7,NO,10
615,1,20190101,79,25,1,1,1,3.7,17.5,22.55,NO,22
616,2,20190101,137,238,2,1,1,4.18,14.0,15.3,NO,14
617,2,20190101,239,151,2,1,1,1.12,6.5,7.8,NO,6
618,1,20190101,79,100,2,1,1,3.2,19.5,20.8,NO,31
619,1,20190101,234,137,1,1,1,0.9,6.5,12.8,NO,8
620,1,20190101,237,142,1,1,2,1.2,7.0,9.96,NO,7
621,1,20190101,142,50,1,1,4,1.0,6.5,9.35,NO,7
622,1,20190101,50,263,1,1,2,2.8,11.5,14.8,NO,13
623,1,20190101,263,140,1,1,1,1.1,6.0,8.3,NO,5
624,1,20190101,141,162,1,1,2,1.3,8.0,11.15,NO,9
625,1,20190101,79,237,1,1,1,3.8,13.5,15.8,NO,14
626,1,20190101,236,237,2,1,1,0.5,3.5,4.8,NO,1
627,1,20190101,237,140,1,1,1,0.9,5.0,6.32,NO,4
628,1,20190101,140,237,2,1,3,1.2,6.5,7.8,NO,6
629,1,20190101,161,137,2,1,1,1.9,11.5,12.8,NO,16
630,1,20190101,234,233,1,1,1,2.0,10.0,13.55,NO,12
631,1,20190101,163,262,1,1,4,2.7,11.0,14.75,NO,13
632,1,20190101,262,238,1,1,2,2.4,11.0,14.75,NO,13
633,2,20190101,229,263,1,1,3,1.57,6.5,8.97,NO,5
634,2,20190101,262,75,2,1,3,1.74,7.0,8.3,NO,5
635,2,20190101,262,42,2,1,2,2.47,10.0,11.3,NO,10
636,1,20190101,144,112,2,1,2,4.1,15.0,16.3,NO,14
637,1,20190101,148,170,1,1,1,2.8,12.0,13.3,NO,11
638,1,20190101,170,107,1,1,1,0.8,6.5,9.75,NO,7
639,1,20190101,79,239,1,1,1,5.2,20.0,23.3,NO,25
640,2,20190101,170,239,1,1,2,4.03,23.5,31.0,NO,37
641,2,20190101,43,43,1,1,1,1.78,8.5,11.76,NO,8
642,2,20190101,238,237,1,1,1,1.56,8.0,11.16,NO,8
643,2,20190101,141,249,2,1,1,3.93,18.0,19.3,NO,25
644,1,20190101,249,107,1,1,2,1.8,10.5,14.15,NO,14
645,2,20190101,142,239,2,1,1,0.76,5.0,6.3,NO,3
646,2,20190101,239,234,2,1,2,4.38,18.5,19.8,NO,25
647,1,20190101,43,239,1,1,1,1.8,9.0,12.35,NO,10
648,1,20190101,239,24,1,1,1,1.4,5.5,8.5,NO,3
649,1,20190101,239,48,1,1,1,1.7,8.5,12.25,NO,10
650,2,20190101,41,41,1,1,5,2.1,10.0,13.56,NO,10
651,2,20190101,41,41,2,1,5,0.22,3.0,4.3,NO,1
652,2,20190101,41,41,2,1,5,5.05,18.5,19.8,NO,18
653,2,20190101,41,262,2,1,6,2.05,11.0,12.3,NO,13
654,1,20190101,138,225,1,1,1,9.3,30.0,37.55,NO,28
655,1,20190101,249,79,1,1,1,1.0,6.5,9.75,NO,7
656,1,20190101,79,48,2,1,1,3.3,18.5,19.8,NO,27
657,1,20190101,142,75,1,1,2,3.4,13.0,18.55,NO,14
658,1,20190101,236,141,1,1,1,0.8,5.0,9.3,NO,4
659,1,20190101,263,141,1,1,4,0.8,5.0,7.55,NO,4
660,1,20190101,141,239,2,1,2,1.6,7.5,8.8,NO,7
661,1,20190101,4,233,1,1,1,2.3,8.5,11.75,NO,9
662,1,20190101,238,87,2,1,2,8.6,26.5,27.8,NO,21
663,1,20190101,88,107,1,1,2,4.7,15.5,20.15,NO,13
664,1,20190101,236,238,1,1,1,0.8,5.0,7.56,YES,3
665,1,20190101,238,239,2,1,2,1.3,7.0,8.3,NO,6
666,1,20190101,239,50,2,1,2,1.3,7.5,8.8,NO,7
667,1,20190101,48,143,1,1,2,1.1,6.0,8.75,NO,5
668,1,20190101,142,239,2,1,1,1.0,6.5,7.8,NO,7
669,1,20190101,90,68,1,1,1,0.2,5.0,7.3,NO,5
670,1,20190101,90,107,2,1,1,1.1,11.0,12.3,NO,16
671,1,20190101,132,189,1,1,1,19.0,52.5,61.8,NO,33
672,1,20190101,170,79,1,1,1,2.0,8.5,10.78,NO,9
673,1,20190101,79,209,2,1,2,2.6,11.5,12.8,NO,12
674,1,20190101,209,231,1,1,2,0.8,7.0,9.3,NO,8
675,2,20190101,68,209,2,1,6,2.84,13.5,14.8,NO,19
676,1,20190101,79,196,2,1,1,8.9,26.5,27.8,NO,19
677,1,20190101,196,173,2,1,1,1.3,8.0,9.3,NO,9
678,1,20190101,75,75,2,1,3,0.1,3.0,4.3,NO,1
679,1,20190101,74,119,1,1,2,3.7,14.0,16.3,NO,14
680,1,20190101,142,244,1,1,1,6.0,19.5,24.95,NO,16
681,1,20190101,116,116,2,1,1,0.3,4.0,5.3,NO,2
682,1,20190101,152,75,2,1,1,2.7,13.0,14.3,NO,16
683,2,20190101,142,143,1,1,2,0.86,5.5,8.16,NO,5
684,2,20190101,142,141,1,1,2,1.37,6.5,9.36,NO,6
685,2,20190101,43,141,1,1,3,1.8,8.0,11.3,NO,8
686,2,20190101,237,263,1,1,3,1.45,6.5,9.36,NO,5
687,1,20190101,237,233,2,1,2,1.8,9.5,10.8,NO,11
688,1,20190101,170,230,2,1,4,0.8,9.0,10.3,NO,13
689,1,20190101,230,48,2,1,2,1.6,10.5,11.8,NO,15
690,2,20190101,158,50,1,1,1,2.61,10.0,15.18,NO,10
691,2,20190101,50,212,2,1,1,11.71,37.5,38.8,NO,38
692,2,20190101,166,141,1,1,1,3.74,14.0,18.36,NO,14
693,2,20190101,141,107,2,1,1,4.02,15.5,16.8,NO,15
694,2,20190101,107,137,1,1,1,0.76,5.5,8.16,NO,6
695,2,20190101,141,166,2,1,1,4.06,14.5,15.8,NO,15
696,2,20190101,161,234,1,1,1,1.5,13.0,15.73,NO,20
697,1,20190101,141,263,1,1,1,1.3,6.0,8.3,NO,4
698,1,20190101,262,236,1,1,1,0.6,5.0,7.55,NO,4
699,1,20190101,237,239,1,1,1,1.4,6.5,9.75,NO,6
700,1,20190101,239,143,1,1,1,0.8,6.0,7.3,NO,6
701,2,20190101,142,246,2,1,2,1.91,10.5,11.8,NO,14
702,2,20190101,246,263,1,1,2,3.71,15.5,17.64,NO,19
703,1,20190101,79,141,2,1,1,2.8,10.5,11.8,NO,10
704,1,20190101,141,90,1,1,2,3.2,27.0,29.3,NO,46
705,2,20190101,79,148,2,1,1,0.3,4.0,5.3,NO,2
706,2,20190101,148,79,1,1,1,1.12,6.5,9.36,NO,7
707,2,20190101,79,164,1,1,1,1.53,10.0,13.56,NO,14
708,1,20190101,237,236,2,1,1,1.3,6.0,7.3,NO,5
709,1,20190101,43,162,2,1,2,1.1,7.5,8.8,NO,9
710,2,20190101,48,225,2,1,5,9.28,41.0,42.3,NO,57
711,2,20190101,151,244,2,1,3,3.28,13.0,14.3,NO,12
712,1,20190101,230,143,1,1,1,1.9,11.0,15.35,NO,14
713,1,20190101,74,42,2,1,1,1.9,8.5,9.8,NO,8
714,1,20190101,238,48,1,1,2,2.1,8.5,9.8,NO,7
715,1,20190101,48,41,1,1,1,3.6,12.5,16.15,NO,11
716,1,20190101,239,137,1,1,1,4.2,17.0,18.3,NO,20
717,1,20190101,140,243,1,1,2,8.8,25.5,32.15,NO,17
718,1,20190101,244,41,1,1,2,3.2,13.0,17.15,NO,15
719,1,20190101,41,236,1,1,3,2.0,9.5,12.95,NO,10
720,2,20190101,249,143,1,1,1,3.7,15.5,20.16,NO,18
721,2,20190101,143,224,1,1,1,4.19,19.5,22.8,NO,27
722,2,20190101,239,151,1,1,2,1.01,6.0,8.76,NO,5
723,2,20190101,151,236,1,1,1,1.93,9.0,12.36,NO,9
724,2,20190101,161,263,2,1,2,1.96,8.0,9.3,NO,7
725,2,20190101,90,68,2,1,1,1.37,11.0,12.3,NO,16
726,2,20190101,161,48,2,1,2,3.02,20.0,21.3,NO,32
727,2,20190101,48,224,1,1,2,3.34,19.0,24.36,NO,29
728,1,20190101,233,79,2,1,1,2.9,13.0,14.3,NO,16
729,1,20190101,79,100,1,1,1,2.5,11.0,14.15,NO,13
730,1,20190101,107,230,1,1,1,2.4,17.0,22.85,NO,27
731,1,20190101,163,231,1,1,2,5.5,23.0,29.15,NO,31
732,2,20190101,263,229,1,1,1,1.68,7.0,9.63,NO,5
733,2,20190101,138,263,1,1,1,8.28,23.5,36.67,NO,1416
734,2,20190101,79,231,1,1,1,2.02,10.0,14.69,NO,11
735,2,20190101,231,141,1,1,1,8.08,25.5,32.16,NO,21
736,2,20190101,181,114,2,1,1,3.97,17.0,18.3,NO,20
737,2,20190101,114,162,1,1,1,2.85,15.5,20.16,NO,22
738,1,20190101,262,263,2,1,2,0.3,4.0,5.3,NO,2
739,1,20190101,263,107,1,1,1,4.3,16.0,20.75,NO,16
740,1,20190101,107,162,2,1,3,1.1,6.0,7.3,NO,5
741,1,20190101,132,36,1,1,1,11.2,33.0,41.15,NO,31
742,2,20190101,142,239,1,1,1,1.15,7.0,9.3,NO,7
743,2,20190101,239,162,2,1,1,2.51,10.5,11.8,NO,11
744,2,20190101,249,170,2,1,1,2.22,14.0,15.3,NO,21
745,2,20190101,233,162,1,1,1,0.78,5.5,8.16,NO,5
746,2,20190101,162,234,1,1,1,2.06,9.0,12.36,NO,10
747,2,20190101,50,68,1,1,1,2.24,9.5,12.0,NO,9
748,2,20190101,68,48,1,1,1,2.29,11.5,15.36,NO,13
749,2,20190101,50,113,1,1,1,3.17,15.0,19.56,NO,20
750,2,20190101,113,90,1,1,1,1.18,6.0,8.76,NO,5
751,1,20190101,249,90,1,1,2,0.7,4.5,7.5,NO,3
752,1,20190101,90,68,1,1,4,0.5,6.0,8.75,NO,7
753,1,20190101,68,238,2,1,1,3.8,16.5,17.8,NO,21
754,1,20190101,161,262,2,1,1,2.5,13.0,14.3,NO,17
755,2,20190101,132,74,1,2,2,17.61,52.0,70.27,NO,23
756,2,20190101,263,95,1,1,1,9.53,29.5,40.04,NO,26
757,1,20190101,48,186,2,1,1,1.5,8.0,9.3,NO,9
758,1,20190101,186,237,1,1,1,2.3,12.5,14.8,NO,18
759,1,20190101,237,236,2,1,1,1.2,6.0,7.3,NO,5
760,1,20190101,236,238,1,1,1,1.6,7.5,9.8,NO,7
761,2,20190101,114,237,2,1,1,4.83,21.0,22.3,NO,29
762,1,20190101,234,164,2,1,1,0.7,7.0,8.3,NO,9
763,1,20190101,234,143,1,1,1,2.6,17.5,23.5,NO,26
764,2,20190101,50,246,1,1,2,0.8,5.5,8.16,NO,5
765,1,20190101,262,236,1,1,2,0.8,6.5,8.97,NO,7
766,1,20190101,236,74,1,1,4,2.2,8.0,9.3,NO,6
767,1,20190101,74,116,1,1,2,2.7,12.5,16.55,NO,16
768,2,20190101,114,158,1,1,2,1.84,12.5,16.56,NO,18
769,2,20190101,158,148,1,1,2,3.26,17.0,21.96,NO,26
770,2,20190101,142,151,2,1,1,1.8,8.0,9.3,NO,7
771,2,20190101,151,166,1,1,1,0.56,4.5,6.96,NO,4
772,2,20190101,166,238,1,1,1,0.72,5.0,7.88,NO,4
773,2,20190101,238,170,2,1,1,4.03,16.0,17.3,NO,20
774,1,20190101,263,140,2,1,3,1.4,6.5,7.8,NO,5
775,1,20190101,141,75,1,1,1,1.9,7.5,10.56,NO,5
776,1,20190101,236,238,2,1,3,1.4,7.5,8.8,NO,7
777,1,20190101,43,238,1,1,2,0.8,5.0,7.55,NO,3
778,1,20190101,238,48,1,1,1,2.5,12.0,23.3,NO,14
779,2,20190101,90,246,2,1,2,0.57,8.0,9.3,NO,10
780,2,20190101,68,68,1,1,1,0.28,3.0,5.16,NO,1
781,2,20190101,158,90,1,1,1,0.95,6.0,8.76,NO,5
782,2,20190101,113,158,1,1,2,0.86,6.0,8.76,NO,6
783,2,20190101,50,263,1,1,1,4.1,16.5,20.65,NO,19
784,2,20190101,263,141,1,1,1,1.05,5.5,8.16,NO,3
785,2,20190101,234,186,1,1,1,0.99,6.0,8.8,NO,6
786,2,20181231,229,229,1,1,1,0.54,5.5,8.84,NO,5
787,2,20190101,263,236,2,1,2,0.74,5.5,6.8,NO,5
788,2,20190101,236,236,2,1,1,0.71,4.0,5.3,NO,2
789,1,20190101,7,146,2,1,1,1.0,5.5,6.8,NO,4
790,1,20190101,141,237,1,1,1,0.4,4.5,6.8,NO,3
791,1,20190101,237,237,2,1,1,0.7,5.0,6.3,NO,4
792,1,20190101,237,143,1,1,1,1.7,9.0,11.8,NO,11
793,1,20190101,143,50,1,1,1,0.7,5.0,7.55,NO,4
794,1,20190101,211,4,1,1,1,1.5,8.5,12.25,NO,9
795,1,20190101,4,261,1,1,1,3.9,13.0,17.15,NO,9
796,1,20190101,261,79,1,1,2,2.5,13.0,17.15,NO,16
797,1,20190101,237,236,1,1,1,1.2,5.5,8.15,NO,3
798,1,20190101,236,162,1,1,1,1.3,5.5,8.8,NO,3
799,1,20190101,162,50,2,1,1,2.5,16.5,17.8,NO,26
800,1,20190101,90,50,1,1,1,1.6,11.0,13.53,NO,15
801,1,20190101,50,249,1,1,1,3.1,15.5,20.15,NO,22
802,1,20190101,249,90,2,1,2,0.5,4.5,5.8,NO,3
803,2,20190101,229,140,1,1,1,2.69,10.0,13.56,NO,10
804,2,20190101,262,262,1,1,2,1.89,9.0,13.39,NO,10
805,2,20190101,148,79,1,1,1,0.89,5.5,8.16,NO,5
806,2,20190101,79,158,1,1,1,1.45,9.5,12.96,NO,12
807,1,20190101,164,79,2,1,4,1.7,9.5,10.8,NO,12
808,1,20190101,137,141,1,1,1,2.0,8.0,11.15,NO,7
809,1,20190101,141,83,2,1,1,5.9,18.5,19.8,NO,13
810,2,20190101,158,114,2,1,1,0.51,6.0,7.3,NO,7
811,2,20190101,158,249,1,1,1,0.9,5.5,8.5,NO,5
812,2,20190101,114,163,1,1,1,3.12,19.0,20.3,NO,29
813,1,20190101,90,249,1,1,0,0.7,6.0,8.3,NO,6
814,1,20190101,249,249,1,1,1,0.6,5.5,7.48,NO,5
815,1,20190101,158,48,1,1,1,2.6,14.0,18.35,NO,19
816,1,20190101,166,24,2,1,1,1.0,6.0,7.3,NO,5
817,1,20190101,43,262,1,1,1,1.7,9.0,11.05,NO,10
818,1,20190101,236,239,1,1,2,1.5,8.0,10.3,NO,8
819,1,20190101,158,148,1,1,1,2.2,10.5,12.98,NO,12
820,1,20190101,148,141,1,1,1,5.1,19.5,24.95,NO,20
821,1,20190101,141,236,1,1,1,0.8,4.5,6.95,NO,3
822,2,20190101,236,263,1,1,1,0.55,4.5,7.54,NO,3
823,2,20190101,263,68,2,1,1,4.82,20.0,21.3,NO,27
824,2,20190101,68,41,2,1,1,6.06,24.5,25.8,NO,30
825,2,20190101,234,170,1,1,1,1.11,7.5,9.8,NO,9
826,2,20190101,164,231,2,1,1,3.29,13.5,14.8,NO,17
827,2,20190101,231,211,1,1,1,0.67,4.5,6.96,NO,3
828,2,20190101,125,113,1,1,1,0.75,4.5,7.54,NO,2
829,2,20190101,90,79,1,1,1,1.12,7.0,9.96,NO,8
830,1,20190101,226,122,2,1,1,8.8,27.5,28.8,NO,67
831,2,20190101,262,137,2,1,1,3.14,12.0,13.3,NO,12
832,2,20190101,249,158,1,1,1,0.36,4.5,10.8,NO,4
833,2,20190101,249,68,1,1,1,0.4,3.5,5.8,NO,2
834,2,20190101,234,234,2,1,1,0.84,8.0,9.3,NO,10
835,2,20190101,234,137,1,1,1,1.47,10.0,12.3,NO,13
836,2,20190101,246,246,1,1,2,0.99,5.5,8.5,NO,4
837,2,20190101,246,193,2,1,2,6.81,25.0,26.3,NO,29
838,2,20190101,137,79,1,1,1,0.83,6.0,8.76,NO,6
839,2,20190101,79,107,1,1,1,0.8,4.5,7.54,NO,3
840,1,20190101,48,235,2,1,2,8.8,26.0,27.3,NO,20
841,1,20190101,244,68,2,1,1,8.0,27.0,28.3,NO,25
842,2,20190101,140,236,2,1,2,0.61,4.0,5.3,NO,1
843,2,20190101,238,249,1,1,2,6.18,21.0,27.88,NO,20
844,2,20190101,158,68,1,1,2,0.77,4.5,7.25,NO,3
845,2,20190101,75,140,1,1,2,2.3,9.5,12.96,NO,9
846,2,20190101,237,244,2,1,2,6.37,21.5,22.8,NO,24
847,1,20190101,132,133,1,1,4,16.6,48.0,56.3,NO,37
848,2,20190101,236,263,2,1,1,0.43,4.0,5.3,NO,2
849,2,20190101,237,90,1,1,1,3.47,17.5,21.62,NO,25
850,2,20190101,90,231,2,1,2,1.67,8.5,9.8,NO,9
851,2,20190101,231,231,1,1,2,0.55,4.0,6.36,NO,2
852,2,20190101,170,90,2,1,1,0.95,11.0,12.3,NO,16
853,2,20190101,68,232,2,1,1,2.61,15.0,16.3,NO,22
854,2,20190101,236,236,1,1,2,0.69,5.0,7.24,NO,3
855,2,20190101,262,13,2,1,3,8.39,25.0,26.3,NO,17
856,2,20190101,125,114,1,1,2,0.78,4.5,7.54,NO,3
857,1,20190101,137,224,2,1,2,0.8,4.5,5.8,NO,3
858,1,20190101,79,79,1,1,1,0.3,4.0,6.6,NO,2
859,1,20190101,79,79,1,1,2,0.7,5.0,7.55,NO,4
860,1,20190101,79,231,1,1,2,1.4,8.0,11.15,YES,9
861,1,20190101,144,170,1,1,4,2.2,10.0,16.3,NO,11
862,1,20190101,48,170,2,1,1,2.1,13.0,14.3,NO,20
863,1,20190101,170,231,2,1,1,3.4,15.5,16.8,NO,21
864,2,20181231,161,151,1,1,4,3.47,12.0,15.96,NO,10
865,2,20190101,238,151,1,1,4,0.55,5.0,8.19,NO,4
866,2,20190101,238,141,2,1,5,2.3,11.0,12.3,NO,12
867,2,20190101,141,144,1,1,5,5.89,20.5,25.8,NO,20
868,2,20190101,79,148,1,1,1,1.05,6.0,8.76,NO,5
869,2,20190101,148,137,2,1,1,1.91,8.5,9.8,NO,8
870,1,20190101,48,209,2,1,1,6.0,25.0,26.3,NO,32
871,2,20190101,132,28,2,1,1,7.08,20.5,21.8,NO,13
872,1,20190101,143,237,1,1,2,1.7,9.5,12.8,NO,12
873,2,20190101,234,170,1,1,1,0.65,6.0,8.3,NO,6
874,2,20190101,50,68,2,1,1,1.13,11.0,12.3,NO,18
875,2,20190101,161,236,2,1,3,2.73,13.5,14.8,NO,16
876,2,20190101,162,229,1,1,3,0.33,3.5,5.8,NO,1
877,2,20190101,161,37,2,1,1,8.3,31.0,38.06,NO,37
878,1,20190101,144,237,1,1,4,3.8,20.0,25.56,NO,31
879,1,20190101,237,236,1,1,3,1.8,8.0,11.6,NO,7
880,2,20190101,68,100,1,1,2,2.44,20.5,28.34,NO,33
881,2,20190101,113,249,1,1,1,0.75,6.0,8.4,NO,6
882,2,20190101,249,249,1,1,1,1.1,7.5,10.56,NO,8
883,2,20190101,141,166,2,1,2,3.29,12.5,13.8,NO,13
884,2,20190101,24,262,1,1,1,3.06,12.5,13.8,NO,14
885,1,20190101,114,114,1,1,1,0.9,6.0,8.75,NO,6
886,1,20190101,114,246,1,1,1,2.4,14.5,18.95,NO,19
887,1,20190101,68,75,2,1,2,5.7,20.0,21.3,NO,23
888,1,20190101,45,48,1,1,2,4.7,25.0,31.55,NO,39
889,1,20190101,48,229,2,1,4,4.3,24.5,25.8,NO,38
890,1,20190101,231,79,1,1,1,1.7,8.0,11.15,NO,8
891,1,20190101,231,112,1,1,1,5.8,18.5,23.75,NO,14
892,2,20190101,79,87,2,1,1,3.48,14.0,15.3,NO,17
893,1,20190101,234,161,1,1,2,1.6,11.5,12.8,NO,16
894,1,20190101,113,229,1,1,2,2.5,12.0,13.97,NO,16
895,1,20190101,141,263,2,1,2,0.9,5.0,6.3,NO,3
896,1,20190101,263,262,1,1,1,0.6,4.5,6.8,NO,4
897,2,20190101,141,43,1,1,1,2.27,9.5,13.3,NO,9
898,2,20190101,236,236,1,1,3,0.58,4.5,7.54,NO,3
899,2,20190101,236,263,2,1,1,1.07,6.5,7.8,NO,7
900,2,20190101,114,170,1,1,1,2.31,11.5,15.36,NO,15
901,2,20190101,162,142,2,1,1,1.93,11.0,12.3,NO,13
902,2,20190101,142,116,1,1,1,3.68,15.5,21.84,NO,19
903,2,20190101,249,100,2,1,4,2.39,19.5,20.8,NO,31
904,2,20190101,68,239,1,1,4,3.07,14.5,19.75,NO,20
905,1,20190101,238,238,1,1,1,0.5,4.0,6.35,NO,2
906,1,20190101,238,239,2,1,1,1.1,6.5,7.8,NO,6
907,1,20190101,239,238,1,1,1,0.9,5.0,7.55,NO,2
908,1,20190101,238,239,2,1,1,1.2,6.0,7.3,NO,4
909,1,20190101,239,238,2,1,1,1.2,6.5,7.8,NO,5
910,1,20190101,238,143,2,1,1,1.3,6.0,7.3,NO,4
911,2,20190101,263,143,1,1,1,2.41,11.0,16.3,NO,12
912,2,20190101,143,173,2,1,1,7.53,26.5,27.8,NO,31
913,2,20190101,170,229,2,1,1,1.61,9.0,10.3,NO,10
914,2,20190101,229,142,2,1,1,2.38,11.5,12.8,NO,14
915,2,20190101,68,228,1,1,1,9.81,31.5,42.64,NO,29
916,2,20190101,228,226,1,1,1,14.06,51.0,52.3,NO,68
917,2,20190101,163,162,1,1,4,0.9,7.0,10.79,NO,8
918,2,20190101,236,232,1,1,4,5.87,19.0,23.34,NO,18
919,2,20190101,138,181,2,1,2,13.47,37.0,38.3,NO,20
920,2,20190101,261,79,2,1,2,3.87,13.0,14.3,NO,11
921,2,20190101,263,140,2,1,1,0.9,5.0,6.3,NO,4
922,2,20190101,140,229,2,1,1,1.1,6.5,7.8,NO,6
923,2,20190101,162,161,1,1,1,0.56,6.5,9.36,NO,8
924,2,20190101,230,50,1,1,1,1.78,15.0,18.3,NO,24
925,1,20190101,231,79,1,1,2,1.5,9.0,11.3,NO,11
926,1,20190101,235,42,1,1,2,3.2,13.5,14.8,NO,16
927,1,20190101,237,48,1,1,3,2.9,15.0,19.55,NO,20
928,1,20190101,144,232,2,1,1,1.1,7.0,8.3,NO,7
929,1,20190101,79,263,2,1,2,4.6,16.5,17.8,NO,19
930,1,20190101,263,140,1,1,1,1.0,6.5,8.8,NO,6
931,1,20190101,132,147,2,1,1,17.7,48.0,55.06,NO,30
932,1,20190101,162,170,1,1,1,0.7,6.0,11.3,NO,7
933,1,20190101,164,170,1,1,3,0.8,5.5,8.15,NO,5
934,2,20190101,237,162,2,1,2,0.74,5.0,6.3,NO,3
935,2,20190101,87,162,1,1,2,5.28,17.0,21.96,NO,13
936,2,20190101,170,162,2,1,3,0.73,6.0,7.3,NO,6
937,2,20190101,137,137,2,1,3,0.31,3.5,4.8,NO,1
938,2,20190101,137,68,2,1,2,1.71,12.5,13.8,NO,1436
939,2,20190101,265,265,1,5,1,0.34,160.0,185.3,NO,0
940,2,20190101,162,238,1,1,1,2.51,10.0,12.8,NO,9
941,2,20190101,43,236,2,1,1,0.93,5.5,6.8,NO,4
942,2,20190101,236,165,2,1,2,16.48,48.0,49.3,NO,1423
943,2,20190101,113,137,2,1,1,1.94,10.5,11.8,NO,13
944,2,20190101,137,45,1,1,1,4.14,14.5,20.8,NO,12
945,2,20190101,144,232,1,1,1,1.11,8.0,11.16,NO,10
946,2,20190101,79,198,2,1,1,6.23,27.0,28.3,NO,38
947,2,20190101,79,148,2,1,4,0.49,4.5,5.8,NO,3
